Daily automated run at Mon Oct 27 17:30:55 UTC 2025
Daily automated run at Mon Oct 27 17:47:04 UTC 2025
Daily automated run at Tue Oct 28 03:28:24 UTC 2025
Daily automated run at Wed Oct 29 03:34:23 UTC 2025
Daily automated run at Thu Oct 30 03:30:19 UTC 2025
Daily automated run at Fri Oct 31 03:31:08 UTC 2025
Daily automated run at Sat Nov  1 03:30:00 UTC 2025
Daily automated run at Sun Nov  2 03:32:49 UTC 2025
Daily automated run at Mon Nov  3 03:36:42 UTC 2025
Daily automated run at Tue Nov  4 03:29:49 UTC 2025
Daily automated run at Wed Nov  5 03:30:40 UTC 2025
Daily automated run at Thu Nov  6 03:34:07 UTC 2025
Daily automated run at Fri Nov  7 03:30:32 UTC 2025
